NUID,CHGENROL_13,FRACDEGRE_13,RETPCNT_13,CHGENROL_14,FRACDEGRE_14,RETPCNT_14,CHGENROL_15,FRACDEGRE_15,RETPCNT_15,CHGENROL_16,FRACDEGRE_16,RETPCNT_16
1111,1,0.35534795,87,0.987740605,0.185477323,77,0.95884538,0.186655799,96,1.081960876,0.17977406,75
2222,1,0.114535353,56,0.958734525,0.090387374,52,1.035895895,0.082524272,35,0.870550162,0.130111524,86
3333,1,0.15455376,98,0.939513538,0.165982806,72,0.895310668,0.161562623,78,0.970357283,0.174388023,78
4444,1,0.34948844,75,1.054456086,0.134895503,72,1.23166561,0.183712121,94,0.99474774,0.20334174,99
,,,,,,,,,,,,
(etc…to 298 rows),,,,,,,,,,,,